id,handle,title,price_regular,price_currency,category,brands,primary_brand,tags,images,seo_title,seo_description,seo_keywords,country_target,language,market
1,3-Piece Premium Fragrance Collection Set 28,"3-Piece Fragrance Set: 1 Million Parfum, Sauvage Dior & Invictus Paco Rabanne",59.90,EUR,Duft-Sets,Dior|Paco Rabanne,Dior,herren|männer|herrendüfte|geschenkset|premium|duft-set|parfüm|authentisch|kollektion|deutschland|geschenk|dior|paco-rabanne,/images/products/combos/main/3-piece-fragrance-set-1-million-parfum-sauvage-dior-invictus-paco-rabanne.png,"3-teiliges Duft-Set: 1 Million Parfum, Sauvage Dior & Invictus Paco Rabanne | Premium Düfte Deutschland","Kaufen Sie 3-Piece Fragrance Set: 1 Million Parfum, Sauvage Dior & Invictus Paco Rabanne - Dior und Paco Rabanne. Premium Herrendüfte im 3-für-1-Angebot mit schneller Lieferung in Deutschland. Authentische Parfüms zum besten Preis.",herren|männer|herrendüfte|geschenkset|premium|duft-set|parfüm|authentisch|kollektion|deutschland|geschenk|dior|paco-rabanne,DE,de,germany
2,3-Piece Premium Fragrance Collection Set 29,"3-Piece Fragrance Set: 212 VIP Rose, Olympea & Coco Mademoiselle",59.90,EUR,Duft-Sets,Chanel|Paco Rabanne|Carolina Herrera,Chanel,herren|männer|herrendüfte|geschenkset|premium|duft-set|parfüm|authentisch|kollektion|deutschland|geschenk|chanel|paco-rabanne|carolina-herrera,/images/products/combos/main/3-piece-fragrance-set-212-vip-rose-olympea-coco-mademoiselle.png,"3-teiliges Duft-Set: 212 VIP Rose, Olympea & Coco Mademoiselle | Premium Düfte Deutschland","Kaufen Sie 3-Piece Fragrance Set: 212 VIP Rose, Olympea & Coco Mademoiselle - Chanel, Paco Rabanne und Carolina Herrera. Premium Herrendüfte im 3-für-1-Angebot mit schneller Lieferung in Deutschland. Authentische Parfüms zum besten Preis.",herren|männer|herrendüfte|geschenkset|premium|duft-set|parfüm|authentisch|kollektion|deutschland|geschenk|chanel|paco-rabanne|carolina-herrera,DE,de,germany
3,3-Piece Premium Fragrance Collection Set 30,"3-Piece Fragrance Set: Boss Bottled Infinite, Boss The Scent & Boss Bottled",59.90,EUR,Duft-Sets,Hugo Boss,Hugo Boss,herren|männer|herrendüfte|geschenkset|premium|duft-set|parfüm|authentisch|kollektion|deutschland|geschenk|hugo-boss,/images/products/combos/main/3-piece-fragrance-set-boss-bottled-infinite-boss-the-scent-boss-bottled.png,"3-teiliges Duft-Set: Boss Bottled Infinite, Boss The Scent & Boss Bottled | Premium Düfte Deutschland","Kaufen Sie 3-Piece Fragrance Set: Boss Bottled Infinite, Boss The Scent & Boss Bottled - Hugo Boss. Premium Herrendüfte im 3-für-1-Angebot mit schneller Lieferung in Deutschland. Authentische Parfüms zum besten Preis.",herren|männer|herrendüfte|geschenkset|premium|duft-set|parfüm|authentisch|kollektion|deutschland|geschenk|hugo-boss,DE,de,germany
4,3-Piece Premium Fragrance Collection Set 31,"3-Piece Fragrance Set: Dylan Blue, Phantom & Ultra Male",59.90,EUR,Duft-Sets,Paco Rabanne|Jean Paul Gaultier|Versace,Paco Rabanne,herren|männer|herrendüfte|geschenkset|premium|duft-set|parfüm|authentisch|kollektion|deutschland|geschenk|paco-rabanne|jean-paul-gaultier|versace,/images/products/combos/main/3-piece-fragrance-set-dylan-blue-phantom-ultra-male.png,"3-teiliges Duft-Set: Dylan Blue, Phantom & Ultra Male | Premium Düfte Deutschland","Kaufen Sie 3-Piece Fragrance Set: Dylan Blue, Phantom & Ultra Male - Paco Rabanne, Jean Paul Gaultier und Versace. Premium Herrendüfte im 3-für-1-Angebot mit schneller Lieferung in Deutschland. Authentische Parfüms zum besten Preis.",herren|männer|herrendüfte|geschenkset|premium|duft-set|parfüm|authentisch|kollektion|deutschland|geschenk|paco-rabanne|jean-paul-gaultier|versace,DE,de,germany
5,3-Piece Premium Fragrance Collection Set 32,"3-Piece Fragrance Set: Scandal, J'adore & La Vie Est Belle",59.90,EUR,Duft-Sets,Lancôme|Dior|Jean Paul Gaultier,Lancôme,herren|männer|herrendüfte|geschenkset|premium|duft-set|parfüm|authentisch|kollektion|deutschland|geschenk|lancôme|dior|jean-paul-gaultier,/images/products/combos/main/3-piece-fragrance-set-scandal-jadore-la-vie-est-belle.png,"3-teiliges Duft-Set: Scandal, J'adore & La Vie Est Belle | Premium Düfte Deutschland","Kaufen Sie 3-Piece Fragrance Set: Scandal, J'adore & La Vie Est Belle - Lancôme, Dior und Jean Paul Gaultier. Premium Herrendüfte im 3-für-1-Angebot mit schneller Lieferung in Deutschland. Authentische Parfüms zum besten Preis.",herren|männer|herrendüfte|geschenkset|premium|duft-set|parfüm|authentisch|kollektion|deutschland|geschenk|lancôme|dior|jean-paul-gaultier,DE,de,germany
9,3-Piece Premium Fragrance Collection Set 33,"3-Piece Fragrance Set: Y by YSL, Sauvage & Versace Eros",59.90,EUR,Duft-Sets,Yves Saint Laurent|Versace|Dior,Yves Saint Laurent,herren|männer|herrendüfte|geschenkset|premium|duft-set|parfüm|authentisch|kollektion|deutschland|geschenk|yves-saint-laurent|versace|dior,/images/products/combos/main/3-piece-fragrance-set-y-by-ysl-sauvage-versace-eros.png,"3-teiliges Duft-Set: Y by YSL, Sauvage & Versace Eros | Premium Düfte Deutschland","Kaufen Sie 3-Piece Fragrance Set: Y by YSL, Sauvage & Versace Eros - Yves Saint Laurent, Versace und Dior. Premium Herrendüfte im 3-für-1-Angebot mit schneller Lieferung in Deutschland. Authentische Parfüms zum besten Preis.",herren|männer|herrendüfte|geschenkset|premium|duft-set|parfüm|authentisch|kollektion|deutschland|geschenk|yves-saint-laurent|versace|dior,DE,de,germany
10,3-Piece Premium Fragrance Collection Set 34,"3-Piece Women's Fragrance Set: Miss 212, La Vie Est Belle & J'adore",59.90,EUR,WoHerren Dufts,Lancôme|Dior|Carolina Herrera,Lancôme,damen|frauen|damendüfte|geschenkset|premium|duft-set|parfüm|authentisch|kollektion|deutschland|geschenk|lancôme|dior|carolina-herrera,/images/products/combos/main/3-piece-womens-fragrance-set-miss-212-la-vie-est-belle-jadore.jpg,"3-teiliges WoHerren Duft-Set: Miss 212, La Vie Est Belle & J'adore | Premium Düfte Deutschland","Kaufen Sie 3-Piece Women's Fragrance Set: Miss 212, La Vie Est Belle & J'adore - Lancôme, Dior und Carolina Herrera. Premium Herrendüfte im 3-für-1-Angebot mit schneller Lieferung in Deutschland. Authentische Parfüms zum besten Preis.",damen|frauen|damendüfte|geschenkset|premium|duft-set|parfüm|authentisch|kollektion|deutschland|geschenk|lancôme|dior|carolina-herrera,DE,de,germany
11,3-Piece Premium Fragrance Collection Set 35,"3-Piece Fragrance Set: Coco Mademoiselle, Libre YSL & Chloé Signature",59.90,EUR,Duft-Sets,Yves Saint Laurent|Chloé|Chanel,Yves Saint Laurent,herren|männer|herrendüfte|geschenkset|premium|duft-set|parfüm|authentisch|kollektion|deutschland|geschenk|yves-saint-laurent|chloé|chanel,/images/products/combos/main/3-piece-fragrance-set-coco-mademoiselle-libre-ysl-chlo-signature.png,"3-teiliges Duft-Set: Coco Mademoiselle, Libre YSL & Chloé Signature | Premium Düfte Deutschland","Kaufen Sie 3-Piece Fragrance Set: Coco Mademoiselle, Libre YSL & Chloé Signature - Yves Saint Laurent, Chloé und Chanel. Premium Herrendüfte im 3-für-1-Angebot mit schneller Lieferung in Deutschland. Authentische Parfüms zum besten Preis.",herren|männer|herrendüfte|geschenkset|premium|duft-set|parfüm|authentisch|kollektion|deutschland|geschenk|yves-saint-laurent|chloé|chanel,DE,de,germany
12,3-Piece Premium Fragrance Collection Set 36,"3-Piece Women's Fragrance Set: La Vie Est Belle, Mademoiselle & Light Blue",59.90,EUR,WoHerren Dufts,Lancôme|Dolce & Gabbana,Lancôme,damen|frauen|damendüfte|geschenkset|premium|duft-set|parfüm|authentisch|kollektion|deutschland|geschenk|lancôme|dolce--gabbana,/images/products/combos/main/3-piece-womens-fragrance-set-la-vie-est-belle-mademoiselle-light-blue.webp,"3-teiliges WoHerren Duft-Set: La Vie Est Belle, Mademoiselle & Light Blue | Premium Düfte Deutschland","Kaufen Sie 3-Piece Women's Fragrance Set: La Vie Est Belle, Mademoiselle & Light Blue - Lancôme und Dolce & Gabbana. Premium Herrendüfte im 3-für-1-Angebot mit schneller Lieferung in Deutschland. Authentische Parfüms zum besten Preis.",damen|frauen|damendüfte|geschenkset|premium|duft-set|parfüm|authentisch|kollektion|deutschland|geschenk|lancôme|dolce--gabbana,DE,de,germany
13,3-Piece Premium Fragrance Collection Set 37,"3-Piece Fragrance Set: Hypnotic Poison, Sì Giorgio Armani & Dylan Turquoise",59.90,EUR,Duft-Sets,Giorgio Armani|Versace|Dior,Giorgio Armani,herren|männer|herrendüfte|geschenkset|premium|duft-set|parfüm|authentisch|kollektion|deutschland|geschenk|giorgio-armani|versace|dior,/images/products/combos/main/3-piece-fragrance-set-hypnotic-poison-s-giorgio-armani-dylan-turquoise.png,"3-teiliges Duft-Set: Hypnotic Poison, Sì Giorgio Armani & Dylan Turquoise | Premium Düfte Deutschland","Kaufen Sie 3-Piece Fragrance Set: Hypnotic Poison, Sì Giorgio Armani & Dylan Turquoise - Giorgio Armani, Versace und Dior. Premium Herrendüfte im 3-für-1-Angebot mit schneller Lieferung in Deutschland. Authentische Parfüms zum besten Preis.",herren|männer|herrendüfte|geschenkset|premium|duft-set|parfüm|authentisch|kollektion|deutschland|geschenk|giorgio-armani|versace|dior,DE,de,germany
14,3-Piece Premium Fragrance Collection Set 38,"3-Piece Men's Fragrance Set: 1 Million, Bleu de Chanel & 212 VIP Black",59.90,EUR,Herren Dufts,Chanel|Paco Rabanne|Carolina Herrera|Bulgari,Chanel,herren|männer|herrendüfte|geschenkset|premium|duft-set|parfüm|authentisch|kollektion|deutschland|geschenk|chanel|paco-rabanne|carolina-herrera|bulgari,/images/products/combos/main/3-piece-mens-fragrance-set-1-million-bleu-de-chanel-212-vip-black.jpg,"3-teiliges Herren Duft-Set: 1 Million, Bleu de Chanel & 212 VIP Black | Premium Düfte Deutschland","Kaufen Sie 3-Piece Men's Fragrance Set: 1 Million, Bleu de Chanel & 212 VIP Black - Chanel, Paco Rabanne, Carolina Herrera und Bulgari. Premium Herrendüfte im 3-für-1-Angebot mit schneller Lieferung in Deutschland. Authentische Parfüms zum besten Preis.",herren|männer|herrendüfte|geschenkset|premium|duft-set|parfüm|authentisch|kollektion|deutschland|geschenk|chanel|paco-rabanne|carolina-herrera|bulgari,DE,de,germany
15,3-Piece Premium Fragrance Collection Set 39,"3-Piece Men's Fragrance Set: 212 Black, 212 Men & 1 Million",59.90,EUR,Herren Dufts,Paco Rabanne|Carolina Herrera|Bulgari,Paco Rabanne,herren|männer|herrendüfte|geschenkset|premium|duft-set|parfüm|authentisch|kollektion|deutschland|geschenk|paco-rabanne|carolina-herrera|bulgari,/images/products/combos/main/3-piece-mens-fragrance-set-212-black-212-men-1-million.jpg,"3-teiliges Herren Duft-Set: 212 Black, 212 Men & 1 Million | Premium Düfte Deutschland","Kaufen Sie 3-Piece Men's Fragrance Set: 212 Black, 212 Men & 1 Million - Paco Rabanne, Carolina Herrera und Bulgari. Premium Herrendüfte im 3-für-1-Angebot mit schneller Lieferung in Deutschland. Authentische Parfüms zum besten Preis.",herren|männer|herrendüfte|geschenkset|premium|duft-set|parfüm|authentisch|kollektion|deutschland|geschenk|paco-rabanne|carolina-herrera|bulgari,DE,de,germany
16,3-Piece Premium Fragrance Collection Set 40,"3-Piece Men's Fragrance Set: Azzaro, 212 Black & Silver Scent",59.90,EUR,Herren Dufts,Azzaro|Carolina Herrera|Bulgari,Azzaro,herren|männer|herrendüfte|geschenkset|premium|duft-set|parfüm|authentisch|kollektion|deutschland|geschenk|azzaro|carolina-herrera|bulgari,/images/products/combos/main/3-piece-mens-fragrance-set-azzaro-212-black-silver-scent.jpg,"3-teiliges Herren Duft-Set: Azzaro, 212 Black & Silver Scent | Premium Düfte Deutschland","Kaufen Sie 3-Piece Men's Fragrance Set: Azzaro, 212 Black & Silver Scent - Azzaro, Carolina Herrera und Bulgari. Premium Herrendüfte im 3-für-1-Angebot mit schneller Lieferung in Deutschland. Authentische Parfüms zum besten Preis.",herren|männer|herrendüfte|geschenkset|premium|duft-set|parfüm|authentisch|kollektion|deutschland|geschenk|azzaro|carolina-herrera|bulgari,DE,de,germany
17,3-Piece Premium Fragrance Collection Set 41,"3-Piece Men's Fragrance Set: Ferrari Black, 212 VIP & Bulgari In Black",59.90,EUR,Herren Dufts,Bulgari|Ferrari|Carolina Herrera,Bulgari,herren|männer|herrendüfte|geschenkset|premium|duft-set|parfüm|authentisch|kollektion|deutschland|geschenk|bulgari|ferrari|carolina-herrera,/images/products/combos/main/3-piece-mens-fragrance-set-ferrari-black-212-vip-bulgari-in-black.jpg,"3-teiliges Herren Duft-Set: Ferrari Black, 212 VIP & Bulgari In Black | Premium Düfte Deutschland","Kaufen Sie 3-Piece Men's Fragrance Set: Ferrari Black, 212 VIP & Bulgari In Black - Bulgari, Ferrari und Carolina Herrera. Premium Herrendüfte im 3-für-1-Angebot mit schneller Lieferung in Deutschland. Authentische Parfüms zum besten Preis.",herren|männer|herrendüfte|geschenkset|premium|duft-set|parfüm|authentisch|kollektion|deutschland|geschenk|bulgari|ferrari|carolina-herrera,DE,de,germany
18,3-Piece Premium Fragrance Collection Set 42,"3-Piece Men's Fragrance Set: Sauvage, Invictus & 1 Million",59.90,EUR,Herren Dufts,Paco Rabanne|Dior,Paco Rabanne,herren|männer|herrendüfte|geschenkset|premium|duft-set|parfüm|authentisch|kollektion|deutschland|geschenk|paco-rabanne|dior,/images/products/combos/main/3-piece-mens-fragrance-set-sauvage-invictus-1-million.jpg,"3-teiliges Herren Duft-Set: Sauvage, Invictus & 1 Million | Premium Düfte Deutschland","Kaufen Sie 3-Piece Men's Fragrance Set: Sauvage, Invictus & 1 Million - Paco Rabanne und Dior. Premium Herrendüfte im 3-für-1-Angebot mit schneller Lieferung in Deutschland. Authentische Parfüms zum besten Preis.",herren|männer|herrendüfte|geschenkset|premium|duft-set|parfüm|authentisch|kollektion|deutschland|geschenk|paco-rabanne|dior,DE,de,germany
19,3-Piece Premium Fragrance Collection Set 1,"3-Piece Men's Fragrance Set: Yves Saint Laurent Y, Y Eau de Parfum, Jean Paul Gaultier Scandal",59.90,EUR,Duft-Sets,Yves Saint Laurent|Jean Paul Gaultier,Yves Saint Laurent,herren|männer|herrendüfte|geschenkset|premium|duft-set|parfüm|authentisch|kollektion|deutschland|geschenk|yves-saint-laurent|jean-paul-gaultier,/images/products/combos/main/3-piece-mens-fragrance-set-yves-saint-laurent-y-y-eau-de-parfum-jean-paul-gaultier-scandal.png,3-teiliges Premium Duft Kollektion Set 1 | Premium Düfte Deutschland,"Kaufen Sie 3-Piece Men's Fragrance Set: Yves Saint Laurent Y, Y Eau de Parfum, Jean Paul Gaultier Scandal - Yves Saint Laurent und Jean Paul Gaultier. Premium Herrendüfte im 3-für-1-Angebot mit schneller Lieferung in Deutschland. Authentische Parfüms zum besten Preis.",herren|männer|herrendüfte|geschenkset|premium|duft-set|parfüm|authentisch|kollektion|deutschland|geschenk|yves-saint-laurent|jean-paul-gaultier,DE,de,germany
20,3-Piece Premium Fragrance Collection Set 10,"3-Piece Men's Fragrance Set: Armani Eau Pour Homme, Dior Sauvage, Valentino Uomo",59.90,EUR,Duft-Sets,Dior|Giorgio Armani|Valentino,Dior,herren|männer|herrendüfte|geschenkset|premium|duft-set|parfüm|authentisch|kollektion|deutschland|geschenk|dior|giorgio-armani|valentino,/images/products/combos/main/3-piece-mens-fragrance-set-armani-eau-pour-homme-dior-sauvage-valentino-uomo.png,3-teiliges Premium Duft Kollektion Set 10 | Premium Düfte Deutschland,"Kaufen Sie 3-Piece Men's Fragrance Set: Armani Eau Pour Homme, Dior Sauvage, Valentino Uomo - Dior, Giorgio Armani und Valentino. Premium Herrendüfte im 3-für-1-Angebot mit schneller Lieferung in Deutschland. Authentische Parfüms zum besten Preis.",herren|männer|herrendüfte|geschenkset|premium|duft-set|parfüm|authentisch|kollektion|deutschland|geschenk|dior|giorgio-armani|valentino,DE,de,germany
21,3-Piece Premium Fragrance Collection Set 11,"3-Piece Men's Fragrance Set: Issey Miyake Nuit d’Issey, Prada Luna Rossa Black, Gucci Guilty Pour Homme",59.90,EUR,Duft-Sets,Gucci|Prada|Issey Miyake|Bulgari,Gucci,herren|männer|herrendüfte|geschenkset|premium|duft-set|parfüm|authentisch|kollektion|deutschland|geschenk|gucci|prada|issey-miyake|bulgari,/images/products/combos/main/13-piece-mens-fragrance-set-yves-saint-laurent-y-y-eau-de-parfum-jean-paul-gaultier-scandal.png,3-teiliges Premium Duft Kollektion Set 11 | Premium Düfte Deutschland,"Kaufen Sie 3-Piece Men's Fragrance Set: Issey Miyake Nuit d’Issey, Prada Luna Rossa Black, Gucci Guilty Pour Homme - Gucci, Prada, Issey Miyake und Bulgari. Premium Herrendüfte im 3-für-1-Angebot mit schneller Lieferung in Deutschland. Authentische Parfüms zum besten Preis.",herren|männer|herrendüfte|geschenkset|premium|duft-set|parfüm|authentisch|kollektion|deutschland|geschenk|gucci|prada|issey-miyake|bulgari,DE,de,germany
22,3-Piece Premium Fragrance Collection Set 12,"3-Piece Men's Fragrance Set: Paco Rabanne Pure XS, Givenchy Gentleman, Carolina Herrera Bad Boy",59.90,EUR,Duft-Sets,Paco Rabanne|Givenchy|Carolina Herrera,Paco Rabanne,herren|männer|herrendüfte|geschenkset|premium|duft-set|parfüm|authentisch|kollektion|deutschland|geschenk|paco-rabanne|givenchy|carolina-herrera,/images/products/combos/main/3-piece-mens-fragrance-set-paco-rabanne-pure-xs-givenchy-gentleman-carolina-herrera-bad-boy.png,3-teiliges Premium Duft Kollektion Set 12 | Premium Düfte Deutschland,"Kaufen Sie 3-Piece Men's Fragrance Set: Paco Rabanne Pure XS, Givenchy Gentleman, Carolina Herrera Bad Boy - Paco Rabanne, Givenchy und Carolina Herrera. Premium Herrendüfte im 3-für-1-Angebot mit schneller Lieferung in Deutschland. Authentische Parfüms zum besten Preis.",herren|männer|herrendüfte|geschenkset|premium|duft-set|parfüm|authentisch|kollektion|deutschland|geschenk|paco-rabanne|givenchy|carolina-herrera,DE,de,germany
23,3-Piece Premium Fragrance Collection Set 13,"3-Piece Women's Fragrance Set: Givenchy L’Interdit, Miss Dior Blooming Bouquet, Prada Candy",59.90,EUR,Duft-Sets,Dior|Givenchy|Prada,Dior,herren|männer|herrendüfte|geschenkset|premium|duft-set|parfüm|authentisch|kollektion|deutschland|geschenk|dior|givenchy|prada,/images/products/combos/main/3-piece-womens-fragrance-set-givenchy-linterdit-miss-dior-blooming-bouquet-prada-candy.png,3-teiliges Premium Duft Kollektion Set 13 | Premium Düfte Deutschland,"Kaufen Sie 3-Piece Women's Fragrance Set: Givenchy L’Interdit, Miss Dior Blooming Bouquet, Prada Candy - Dior, Givenchy und Prada. Premium Herrendüfte im 3-für-1-Angebot mit schneller Lieferung in Deutschland. Authentische Parfüms zum besten Preis.",herren|männer|herrendüfte|geschenkset|premium|duft-set|parfüm|authentisch|kollektion|deutschland|geschenk|dior|givenchy|prada,DE,de,germany
24,3-Piece Premium Fragrance Collection Set 14,"3-Piece Women's Fragrance Set: Paco Rabanne Olympea, Jean Paul Gaultier Scandal, Mugler Alien",59.90,EUR,Duft-Sets,Paco Rabanne|Jean Paul Gaultier|Mugler,Paco Rabanne,herren|männer|herrendüfte|geschenkset|premium|duft-set|parfüm|authentisch|kollektion|deutschland|geschenk|paco-rabanne|jean-paul-gaultier|mugler,/images/products/combos/main/3-piece-womens-fragrance-set-paco-rabanne-olympea-jean-paul-gaultier-scandal-mugler-alien.png,3-teiliges Premium Duft Kollektion Set 14 | Premium Düfte Deutschland,"Kaufen Sie 3-Piece Women's Fragrance Set: Paco Rabanne Olympea, Jean Paul Gaultier Scandal, Mugler Alien - Paco Rabanne, Jean Paul Gaultier und Mugler. Premium Herrendüfte im 3-für-1-Angebot mit schneller Lieferung in Deutschland. Authentische Parfüms zum besten Preis.",herren|männer|herrendüfte|geschenkset|premium|duft-set|parfüm|authentisch|kollektion|deutschland|geschenk|paco-rabanne|jean-paul-gaultier|mugler,DE,de,germany
25,3-Piece Premium Fragrance Collection Set 15,"3-Piece Women's Fragrance Set: Yves Saint Laurent Black Opium, Gucci Flora Gorgeous Gardenia, Valentino Donna Born in Roma",59.90,EUR,Duft-Sets,Yves Saint Laurent|Valentino|Gucci|Bulgari,Yves Saint Laurent,herren|männer|herrendüfte|geschenkset|premium|duft-set|parfüm|authentisch|kollektion|deutschland|geschenk|yves-saint-laurent|valentino|gucci|bulgari,/images/products/combos/main/3-piece-womens-fragrance-set-yves-saint-laurent-black-opium-gucci-flora-gorgeous-gardenia-valentino-donna-born-in-roma.png,3-teiliges Premium Duft Kollektion Set 15 | Premium Düfte Deutschland,"Kaufen Sie 3-Piece Women's Fragrance Set: Yves Saint Laurent Black Opium, Gucci Flora Gorgeous Gardenia, Valentino Donna Born in Roma - Yves Saint Laurent, Valentino, Gucci und Bulgari. Premium Herrendüfte im 3-für-1-Angebot mit schneller Lieferung in Deutschland. Authentische Parfüms zum besten Preis.",herren|männer|herrendüfte|geschenkset|premium|duft-set|parfüm|authentisch|kollektion|deutschland|geschenk|yves-saint-laurent|valentino|gucci|bulgari,DE,de,germany
26,3-Piece Premium Fragrance Collection Set 16,"3-Piece Women's Fragrance Set: Mugler Angel, Chanel No. 5, Gucci Flora Gorgeous Gardenia",59.90,EUR,Duft-Sets,Chanel|Gucci|Mugler,Chanel,herren|männer|herrendüfte|geschenkset|premium|duft-set|parfüm|authentisch|kollektion|deutschland|geschenk|chanel|gucci|mugler,/images/products/combos/main/3-piece-womens-fragrance-set-mugler-angel-chanel-no-5-gucci-flora-gorgeous-gardenia.png,3-teiliges Premium Duft Kollektion Set 16 | Premium Düfte Deutschland,"Kaufen Sie 3-Piece Women's Fragrance Set: Mugler Angel, Chanel No. 5, Gucci Flora Gorgeous Gardenia - Chanel, Gucci und Mugler. Premium Herrendüfte im 3-für-1-Angebot mit schneller Lieferung in Deutschland. Authentische Parfüms zum besten Preis.",herren|männer|herrendüfte|geschenkset|premium|duft-set|parfüm|authentisch|kollektion|deutschland|geschenk|chanel|gucci|mugler,DE,de,germany
27,3-Piece Premium Fragrance Collection Set 17,"3-Piece Women's Fragrance Set: Giorgio Armani Sí, Lancôme La Nuit Trésor, Narciso Rodriguez For Her",59.90,EUR,Duft-Sets,Giorgio Armani|Narciso Rodriguez|Lancôme,Giorgio Armani,herren|männer|herrendüfte|geschenkset|premium|duft-set|parfüm|authentisch|kollektion|deutschland|geschenk|giorgio-armani|narciso-rodriguez|lancôme,/images/products/combos/main/3-piece-womens-fragrance-set-giorgio-armani-s-lancme-la-nuit-trsor-narciso-rodriguez-for-her.png,3-teiliges Premium Duft Kollektion Set 17 | Premium Düfte Deutschland,"Kaufen Sie 3-Piece Women's Fragrance Set: Giorgio Armani Sí, Lancôme La Nuit Trésor, Narciso Rodriguez For Her - Giorgio Armani, Narciso Rodriguez und Lancôme. Premium Herrendüfte im 3-für-1-Angebot mit schneller Lieferung in Deutschland. Authentische Parfüms zum besten Preis.",herren|männer|herrendüfte|geschenkset|premium|duft-set|parfüm|authentisch|kollektion|deutschland|geschenk|giorgio-armani|narciso-rodriguez|lancôme,DE,de,germany
28,3-Piece Premium Fragrance Collection Set 18,"3-Piece Women's Fragrance Set: Versace Pour Femme, Givenchy Amarige, Yves Saint Laurent Mon Paris",59.90,EUR,Duft-Sets,Yves Saint Laurent|Versace|Givenchy,Yves Saint Laurent,herren|männer|herrendüfte|geschenkset|premium|duft-set|parfüm|authentisch|kollektion|deutschland|geschenk|yves-saint-laurent|versace|givenchy,/images/products/combos/main/3-piece-womens-fragrance-set-versace-pour-femme-givenchy-amarige-yves-saint-laurent-mon-paris.png,3-teiliges Premium Duft Kollektion Set 18 | Premium Düfte Deutschland,"Kaufen Sie 3-Piece Women's Fragrance Set: Versace Pour Femme, Givenchy Amarige, Yves Saint Laurent Mon Paris - Yves Saint Laurent, Versace und Givenchy. Premium Herrendüfte im 3-für-1-Angebot mit schneller Lieferung in Deutschland. Authentische Parfüms zum besten Preis.",herren|männer|herrendüfte|geschenkset|premium|duft-set|parfüm|authentisch|kollektion|deutschland|geschenk|yves-saint-laurent|versace|givenchy,DE,de,germany
29,3-Piece Premium Fragrance Collection Set 19,"3-Piece Women's Fragrance Set: Marc Jacobs Perfect, Marc Jacobs Daisy Eau So Fresh, Dolce & Gabbana The Only One",59.90,EUR,Duft-Sets,Dolce & Gabbana|Marc Jacobs,Dolce & Gabbana,herren|männer|herrendüfte|geschenkset|premium|duft-set|parfüm|authentisch|kollektion|deutschland|geschenk|dolce--gabbana|marc-jacobs,/images/products/combos/main/3-piece-womens-fragrance-set-marc-jacobs-perfect-marc-jacobs-daisy-eau-so-fresh-dolce-gabbana-the-only-one.png,3-teiliges Premium Duft Kollektion Set 19 | Premium Düfte Deutschland,"Kaufen Sie 3-Piece Women's Fragrance Set: Marc Jacobs Perfect, Marc Jacobs Daisy Eau So Fresh, Dolce & Gabbana The Only One - Dolce & Gabbana und Marc Jacobs. Premium Herrendüfte im 3-für-1-Angebot mit schneller Lieferung in Deutschland. Authentische Parfüms zum besten Preis.",herren|männer|herrendüfte|geschenkset|premium|duft-set|parfüm|authentisch|kollektion|deutschland|geschenk|dolce--gabbana|marc-jacobs,DE,de,germany
30,3-Piece Premium Fragrance Collection Set 2,"3-Piece Men's Fragrance Set: Armaf Club de Nuit Intense Man, Givenchy Gentleman, Carolina Herrera Bad Boy",59.90,EUR,Duft-Sets,Givenchy|Carolina Herrera|Armaf,Givenchy,herren|männer|herrendüfte|geschenkset|premium|duft-set|parfüm|authentisch|kollektion|deutschland|geschenk|givenchy|carolina-herrera|armaf,/images/products/combos/main/3-piece-mens-fragrance-set-armaf-club-de-nuit-intense-man-givenchy-gentleman-carolina-herrera-bad-boy.png,3-teiliges Premium Duft Kollektion Set 2 | Premium Düfte Deutschland,"Kaufen Sie 3-Piece Men's Fragrance Set: Armaf Club de Nuit Intense Man, Givenchy Gentleman, Carolina Herrera Bad Boy - Givenchy, Carolina Herrera und Armaf. Premium Herrendüfte im 3-für-1-Angebot mit schneller Lieferung in Deutschland. Authentische Parfüms zum besten Preis.",herren|männer|herrendüfte|geschenkset|premium|duft-set|parfüm|authentisch|kollektion|deutschland|geschenk|givenchy|carolina-herrera|armaf,DE,de,germany
31,3-Piece Premium Fragrance Collection Set 20,"3-Piece Women's Fragrance Set: Laboratorio Olfattivo, Creed Love in White, Byredo Rose of No Man’s Land",59.90,EUR,Duft-Sets,Creed|Byredo|Laboratorio Olfattivo,Creed,herren|männer|herrendüfte|geschenkset|premium|duft-set|parfüm|authentisch|kollektion|deutschland|geschenk|creed|byredo|laboratorio-olfattivo,/images/products/combos/main/3-piece-womens-fragrance-set-laboratorio-olfattivo-creed-love-in-white-byredo-rose-of-no-mans-land.png,3-teiliges Premium Duft Kollektion Set 20 | Premium Düfte Deutschland,"Kaufen Sie 3-Piece Women's Fragrance Set: Laboratorio Olfattivo, Creed Love in White, Byredo Rose of No Man’s Land - Creed, Byredo und Laboratorio Olfattivo. Premium Herrendüfte im 3-für-1-Angebot mit schneller Lieferung in Deutschland. Authentische Parfüms zum besten Preis.",herren|männer|herrendüfte|geschenkset|premium|duft-set|parfüm|authentisch|kollektion|deutschland|geschenk|creed|byredo|laboratorio-olfattivo,DE,de,germany
32,3-Piece Premium Fragrance Collection Set 21,"3-Piece Women's Fragrance Set: Frederic Malle Portrait of a Lady, Creed Love in White, Kilian Angels’ Share",59.90,EUR,Duft-Sets,Creed|Kilian|Frederic Malle|Mugler,Creed,herren|männer|herrendüfte|geschenkset|premium|duft-set|parfüm|authentisch|kollektion|deutschland|geschenk|creed|kilian|frederic-malle|mugler,/images/products/combos/main/23-piece-mens-fragrance-set-yves-saint-laurent-y-y-eau-de-parfum-jean-paul-gaultier-scandal.png,3-teiliges Premium Duft Kollektion Set 21 | Premium Düfte Deutschland,"Kaufen Sie 3-Piece Women's Fragrance Set: Frederic Malle Portrait of a Lady, Creed Love in White, Kilian Angels’ Share - Creed, Kilian, Frederic Malle und Mugler. Premium Herrendüfte im 3-für-1-Angebot mit schneller Lieferung in Deutschland. Authentische Parfüms zum besten Preis.",herren|männer|herrendüfte|geschenkset|premium|duft-set|parfüm|authentisch|kollektion|deutschland|geschenk|creed|kilian|frederic-malle|mugler,DE,de,germany
33,3-Piece Premium Fragrance Collection Set 22,"3-Piece Women's Fragrance Set: Le Labo Santal 33, Tom Ford Tobacco Vanille, Terre d’Hermès",59.90,EUR,Duft-Sets,Tom Ford|Le Labo,Tom Ford,herren|männer|herrendüfte|geschenkset|premium|duft-set|parfüm|authentisch|kollektion|deutschland|geschenk|tom-ford|le-labo,/images/products/combos/main/23-piece-mens-fragrance-set-armaf-club-de-nuit-intense-man-givenchy-gentleman-carolina-herrera-bad-boy.png,3-teiliges Premium Duft Kollektion Set 22 | Premium Düfte Deutschland,"Kaufen Sie 3-Piece Women's Fragrance Set: Le Labo Santal 33, Tom Ford Tobacco Vanille, Terre d’Hermès - Tom Ford und Le Labo. Premium Herrendüfte im 3-für-1-Angebot mit schneller Lieferung in Deutschland. Authentische Parfüms zum besten Preis.",herren|männer|herrendüfte|geschenkset|premium|duft-set|parfüm|authentisch|kollektion|deutschland|geschenk|tom-ford|le-labo,DE,de,germany
34,3-Piece Premium Fragrance Collection Set 23,"3-Piece Men's Fragrance Set: Le Labo Santal 33, Tom Ford Tobacco Vanille, Creed Aventus",59.90,EUR,Duft-Sets,Creed|Tom Ford|Le Labo,Creed,herren|männer|herrendüfte|geschenkset|premium|duft-set|parfüm|authentisch|kollektion|deutschland|geschenk|creed|tom-ford|le-labo,/images/products/combos/main/3-piece-mens-fragrance-set-le-labo-santal-33-tom-ford-tobacco-vanille-creed-aventus.png,3-teiliges Premium Duft Kollektion Set 23 | Premium Düfte Deutschland,"Kaufen Sie 3-Piece Men's Fragrance Set: Le Labo Santal 33, Tom Ford Tobacco Vanille, Creed Aventus - Creed, Tom Ford und Le Labo. Premium Herrendüfte im 3-für-1-Angebot mit schneller Lieferung in Deutschland. Authentische Parfüms zum besten Preis.",herren|männer|herrendüfte|geschenkset|premium|duft-set|parfüm|authentisch|kollektion|deutschland|geschenk|creed|tom-ford|le-labo,DE,de,germany
35,3-Piece Premium Fragrance Collection Set 24,"3-Piece Men's Fragrance Set: Parfums de Marly Layton, Xerjoff Erba Pura, Initio Oud for Greatness",59.90,EUR,Duft-Sets,Parfums de Marly|Xerjoff|Initio,Parfums de Marly,herren|männer|herrendüfte|geschenkset|premium|duft-set|parfüm|authentisch|kollektion|deutschland|geschenk|parfums-de-marly|xerjoff|initio,/images/products/combos/main/3-piece-mens-fragrance-set-parfums-de-marly-layton-xerjoff-erba-pura-initio-oud-for-greatness.png,3-teiliges Premium Duft Kollektion Set 24 | Premium Düfte Deutschland,"Kaufen Sie 3-Piece Men's Fragrance Set: Parfums de Marly Layton, Xerjoff Erba Pura, Initio Oud for Greatness - Parfums de Marly, Xerjoff und Initio. Premium Herrendüfte im 3-für-1-Angebot mit schneller Lieferung in Deutschland. Authentische Parfüms zum besten Preis.",herren|männer|herrendüfte|geschenkset|premium|duft-set|parfüm|authentisch|kollektion|deutschland|geschenk|parfums-de-marly|xerjoff|initio,DE,de,germany
36,3-Piece Premium Fragrance Collection Set 3,"3-Piece Men's Fragrance Set: Paco Rabanne Phantom, Armani Code, Jean Paul Gaultier Le Male",59.90,EUR,Duft-Sets,Paco Rabanne|Giorgio Armani|Jean Paul Gaultier,Paco Rabanne,herren|männer|herrendüfte|geschenkset|premium|duft-set|parfüm|authentisch|kollektion|deutschland|geschenk|paco-rabanne|giorgio-armani|jean-paul-gaultier,/images/products/combos/main/3-piece-mens-fragrance-set-paco-rabanne-phantom-armani-code-jean-paul-gaultier-le-male.png,3-teiliges Premium Duft Kollektion Set 3 | Premium Düfte Deutschland,"Kaufen Sie 3-Piece Men's Fragrance Set: Paco Rabanne Phantom, Armani Code, Jean Paul Gaultier Le Male - Paco Rabanne, Giorgio Armani und Jean Paul Gaultier. Premium Herrendüfte im 3-für-1-Angebot mit schneller Lieferung in Deutschland. Authentische Parfüms zum besten Preis.",herren|männer|herrendüfte|geschenkset|premium|duft-set|parfüm|authentisch|kollektion|deutschland|geschenk|paco-rabanne|giorgio-armani|jean-paul-gaultier,DE,de,germany
37,3-Piece Premium Fragrance Collection Set 4,"3-Piece Men's Fragrance Set: Armani Code, Bleu de Chanel, Dior Sauvage",59.90,EUR,Duft-Sets,Dior|Chanel|Giorgio Armani,Dior,herren|männer|herrendüfte|geschenkset|premium|duft-set|parfüm|authentisch|kollektion|deutschland|geschenk|dior|chanel|giorgio-armani,/images/products/combos/main/3-piece-mens-fragrance-set-armani-code-bleu-de-chanel-dior-sauvage.png,3-teiliges Premium Duft Kollektion Set 4 | Premium Düfte Deutschland,"Kaufen Sie 3-Piece Men's Fragrance Set: Armani Code, Bleu de Chanel, Dior Sauvage - Dior, Chanel und Giorgio Armani. Premium Herrendüfte im 3-für-1-Angebot mit schneller Lieferung in Deutschland. Authentische Parfüms zum besten Preis.",herren|männer|herrendüfte|geschenkset|premium|duft-set|parfüm|authentisch|kollektion|deutschland|geschenk|dior|chanel|giorgio-armani,DE,de,germany
38,3-Piece Premium Fragrance Collection Set 5,"3-Piece Men's Fragrance Set: Philipp Plein No Limits, Moschino Toy Boy, Moschino Toy 2",59.90,EUR,Duft-Sets,Philipp Plein|Moschino,Philipp Plein,herren|männer|herrendüfte|geschenkset|premium|duft-set|parfüm|authentisch|kollektion|deutschland|geschenk|philipp-plein|moschino,/images/products/combos/main/3-piece-mens-fragrance-set-philipp-plein-no-limits-moschino-toy-boy-moschino-toy-2.png,3-teiliges Premium Duft Kollektion Set 5 | Premium Düfte Deutschland,"Kaufen Sie 3-Piece Men's Fragrance Set: Philipp Plein No Limits, Moschino Toy Boy, Moschino Toy 2 - Philipp Plein und Moschino. Premium Herrendüfte im 3-für-1-Angebot mit schneller Lieferung in Deutschland. Authentische Parfüms zum besten Preis.",herren|männer|herrendüfte|geschenkset|premium|duft-set|parfüm|authentisch|kollektion|deutschland|geschenk|philipp-plein|moschino,DE,de,germany
39,3-Piece Premium Fragrance Collection Set 6,"3-Piece Men's Fragrance Set: Versace Eros, Giorgio Armani Acqua di Giò Profondo, Versace Dylan Blue",59.90,EUR,Duft-Sets,Versace|Giorgio Armani,Versace,herren|männer|herrendüfte|geschenkset|premium|duft-set|parfüm|authentisch|kollektion|deutschland|geschenk|versace|giorgio-armani,/images/products/combos/main/3-piece-mens-fragrance-set-versace-eros-giorgio-armani-acqua-di-gi-profondo-versace-dylan-blue.png,3-teiliges Premium Duft Kollektion Set 6 | Premium Düfte Deutschland,"Kaufen Sie 3-Piece Men's Fragrance Set: Versace Eros, Giorgio Armani Acqua di Giò Profondo, Versace Dylan Blue - Versace und Giorgio Armani. Premium Herrendüfte im 3-für-1-Angebot mit schneller Lieferung in Deutschland. Authentische Parfüms zum besten Preis.",herren|männer|herrendüfte|geschenkset|premium|duft-set|parfüm|authentisch|kollektion|deutschland|geschenk|versace|giorgio-armani,DE,de,germany
40,3-Piece Premium Fragrance Collection Set 7,"3-Piece Men's Fragrance Set: Creed Aventus, Louis Vuitton Imagination, Bleu de Chanel",59.90,EUR,Duft-Sets,Chanel|Creed|Louis Vuitton,Chanel,herren|männer|herrendüfte|geschenkset|premium|duft-set|parfüm|authentisch|kollektion|deutschland|geschenk|chanel|creed|louis-vuitton,/images/products/combos/main/3-piece-mens-fragrance-set-creed-aventus-louis-vuitton-imagination-bleu-de-chanel.png,3-teiliges Premium Duft Kollektion Set 7 | Premium Düfte Deutschland,"Kaufen Sie 3-Piece Men's Fragrance Set: Creed Aventus, Louis Vuitton Imagination, Bleu de Chanel - Chanel, Creed und Louis Vuitton. Premium Herrendüfte im 3-für-1-Angebot mit schneller Lieferung in Deutschland. Authentische Parfüms zum besten Preis.",herren|männer|herrendüfte|geschenkset|premium|duft-set|parfüm|authentisch|kollektion|deutschland|geschenk|chanel|creed|louis-vuitton,DE,de,germany
41,3-Piece Premium Fragrance Collection Set 8,"3-Piece Men's Fragrance Set: Guerlain L'Homme Idéal, Armaf Club de Nuit Royal Blue, Emporio Armani Stronger With You",59.90,EUR,Duft-Sets,Giorgio Armani|Armaf|Guerlain,Giorgio Armani,herren|männer|herrendüfte|geschenkset|premium|duft-set|parfüm|authentisch|kollektion|deutschland|emporio-armani|geschenk|giorgio-armani|armaf|guerlain,/images/products/combos/main/3-piece-mens-fragrance-set-guerlain-lhomme-idal-armaf-club-de-nuit-royal-blue-emporio-armani-stronger-with-you.png,3-teiliges Premium Duft Kollektion Set 8 | Premium Düfte Deutschland,"Kaufen Sie 3-Piece Men's Fragrance Set: Guerlain L'Homme Idéal, Armaf Club de Nuit Royal Blue, Emporio Armani Stronger With You - Giorgio Armani, Armaf und Guerlain. Premium Herrendüfte im 3-für-1-Angebot mit schneller Lieferung in Deutschland. Authentische Parfüms zum besten Preis.",herren|männer|herrendüfte|geschenkset|premium|duft-set|parfüm|authentisch|kollektion|deutschland|emporio-armani|geschenk|giorgio-armani|armaf|guerlain,DE,de,germany
42,3-Piece Premium Fragrance Collection Set 9,"3-Piece Women's Fragrance Set: Mugler Angel, Thierry Mugler Alien, Thierry Mugler Alien Eau Extraordinaire",59.90,EUR,Duft-Sets,Mugler,Mugler,herren|männer|herrendüfte|geschenkset|premium|duft-set|parfüm|authentisch|kollektion|deutschland|geschenk|mugler,/images/products/combos/main/3-piece-womens-fragrance-set-mugler-angel-thierry-mugler-alien-thierry-mugler-alien-eau-extraordinaire.png,3-teiliges Premium Duft Kollektion Set 9 | Premium Düfte Deutschland,"Kaufen Sie 3-Piece Women's Fragrance Set: Mugler Angel, Thierry Mugler Alien, Thierry Mugler Alien Eau Extraordinaire - Mugler. Premium Herrendüfte im 3-für-1-Angebot mit schneller Lieferung in Deutschland. Authentische Parfüms zum besten Preis.",herren|männer|herrendüfte|geschenkset|premium|duft-set|parfüm|authentisch|kollektion|deutschland|geschenk|mugler,DE,de,germany
43,3-Piece Premium Fragrance Collection Set 25,"3-Piece Fragrance Set: Good Girl Carolina Herrera, Nº5 Chanel & Fame Paco Rabanne",59.90,EUR,Duft-Sets,Chanel|Paco Rabanne|Carolina Herrera,Chanel,herren|männer|herrendüfte|geschenkset|premium|duft-set|parfüm|authentisch|kollektion|deutschland|geschenk|chanel|paco-rabanne|carolina-herrera,/images/products/combos/main/3-piece-fragrance-set-good-girl-carolina-herrera-n5-chanel-fame-paco-rabanne.png,"3-teiliges Duft-Set: Good Girl Carolina Herrera, Nº5 Chanel & Fame Paco Rabanne | Premium Düfte Deutschland","Kaufen Sie 3-Piece Fragrance Set: Good Girl Carolina Herrera, Nº5 Chanel & Fame Paco Rabanne - Chanel, Paco Rabanne und Carolina Herrera. Premium Herrendüfte im 3-für-1-Angebot mit schneller Lieferung in Deutschland. Authentische Parfüms zum besten Preis.",herren|männer|herrendüfte|geschenkset|premium|duft-set|parfüm|authentisch|kollektion|deutschland|geschenk|chanel|paco-rabanne|carolina-herrera,DE,de,germany
44,3-Piece Premium Fragrance Collection Set 26,3-Piece Premium Fragrance Collection,59.90,EUR,Duft-Sets,Yves Saint Laurent,Yves Saint Laurent,herren|männer|herrendüfte|geschenkset|premium|duft-set|parfüm|authentisch|kollektion|deutschland|yves-saint-laurent|geschenk,/images/products/combos/main/acqua-d-gio-ysl-scandal.png,3-teiliges Premium Duft Kollektion | Premium Düfte Deutschland,Kaufen Sie 3-teiliges Premium Duft Kollektion - Yves Saint Laurent. Premium Düfte mit schneller Lieferung in Deutschland.,herren|männer|herrendüfte|geschenkset|premium|duft-set|parfüm|authentisch|kollektion|deutschland|yves-saint-laurent|geschenk,DE,de,germany
45,3-Piece Premium Fragrance Collection Set 27,3-Piece Premium Fragrance Collection - Special Edition,59.90,EUR,Duft-Sets,Chanel|Yves Saint Laurent|Giorgio Armani,Chanel,herren|männer|herrendüfte|geschenkset|premium|duft-set|parfüm|authentisch|kollektion|deutschland|chanel|yves-saint-laurent|giorgio-armani|geschenk,/images/products/combos/main/combo-of-3-fragances-armani-bleuChanel-YSL.png,3-teiliges Premium Duft Kollektion - Sonderausgabe | Premium Düfte Deutschland,"Kaufen Sie 3-teiliges Premium Duft Kollektion - Sonderausgabe - Chanel, Yves Saint Laurent, Giorgio Armani. Premium Düfte mit schneller Lieferung in Deutschland.",herren|männer|herrendüfte|geschenkset|premium|duft-set|parfüm|authentisch|kollektion|deutschland|chanel|yves-saint-laurent|giorgio-armani|geschenk,DE,de,germany
46,3-Piece Premium Fragrance Collection Set 43,"3-Piece Fragrance Set: Good Girl, La Vie Est Belle & 212 VIP Rose",59.90,EUR,Duft-Sets,Lancôme|Carolina Herrera,Lancôme,herren|männer|herrendüfte|geschenkset|premium|duft-set|parfüm|authentisch|kollektion|deutschland|geschenk|lancôme|carolina-herrera,/images/products/combos/main/3-piece-fragrance-set-good-girl-la-vie-est-belle-212-vip-rose.png,"3-teiliges Duft-Set: Good Girl, La Vie Est Belle & 212 VIP Rose | Premium Düfte Deutschland","Kaufen Sie 3-Piece Fragrance Set: Good Girl, La Vie Est Belle & 212 VIP Rose - Lancôme und Carolina Herrera. Premium Herrendüfte im 3-für-1-Angebot mit schneller Lieferung in Deutschland. Authentische Parfüms zum besten Preis.",herren|männer|herrendüfte|geschenkset|premium|duft-set|parfüm|authentisch|kollektion|deutschland|geschenk|lancôme|carolina-herrera,DE,de,germany
47,3-Piece Premium Fragrance Collection Set 44,"3-Piece Fragrance Set: Invictus Legend, Invictus & Invictus Victory Elixir",59.90,EUR,Duft-Sets,Paco Rabanne,Paco Rabanne,herren|männer|herrendüfte|geschenkset|premium|duft-set|parfüm|authentisch|kollektion|deutschland|geschenk|paco-rabanne,/images/products/combos/main/3-piece-fragrance-set-invictus-legend-invictus-invictus-victory-elixir.png,"3-teiliges Duft-Set: Invictus Legend, Invictus & Invictus Victory Elixir | Premium Düfte Deutschland","Kaufen Sie 3-Piece Fragrance Set: Invictus Legend, Invictus & Invictus Victory Elixir - Paco Rabanne. Premium Herrendüfte im 3-für-1-Angebot mit schneller Lieferung in Deutschland. Authentische Parfüms zum besten Preis.",herren|männer|herrendüfte|geschenkset|premium|duft-set|parfüm|authentisch|kollektion|deutschland|geschenk|paco-rabanne,DE,de,germany
